[{"pk": 8, "model": "contenttypes.contenttype", "fields": {"model": "activity", "name": "activity", "app_label": "activity_feed"}}, {"pk": 24, "model": "contenttypes.contenttype", "fields": {"model": "actor", "name": "actor", "app_label": "movie"}}, {"pk": 16, "model": "contenttypes.contenttype", "fields": {"model": "agree", "name": "agree", "app_label": "review"}}, {"pk": 29, "model": "contenttypes.contenttype", "fields": {"model": "association", "name": "association", "app_label": "social_auth"}}, {"pk": 19, "model": "contenttypes.contenttype", "fields": {"model": "backward", "name": "backward", "app_label": "social_graph"}}, {"pk": 9, "model": "contenttypes.contenttype", "fields": {"model": "bookmark", "name": "bookmark", "app_label": "bookmark"}}, {"pk": 5, "model": "contenttypes.contenttype", "fields": {"model": "contenttype", "name": "content type", "app_label": "contenttypes"}}, {"pk": 25, "model": "contenttypes.contenttype", "fields": {"model": "director", "name": "director", "app_label": "movie"}}, {"pk": 18, "model": "contenttypes.contenttype", "fields": {"model": "forward", "name": "forward", "app_label": "social_graph"}}, {"pk": 23, "model": "contenttypes.contenttype", "fields": {"model": "genre", "name": "genre", "app_label": "movie"}}, {"pk": 2, "model": "contenttypes.contenttype", "fields": {"model": "group", "name": "group", "app_label": "auth"}}, {"pk": 10, "model": "contenttypes.contenttype", "fields": {"model": "item", "name": "item", "app_label": "item"}}, {"pk": 22, "model": "contenttypes.contenttype", "fields": {"model": "karmauser", "name": "karma user", "app_label": "user_profile"}}, {"pk": 31, "model": "contenttypes.contenttype", "fields": {"model": "kvstore", "name": "kv store", "app_label": "thumbnail"}}, {"pk": 11, "model": "contenttypes.contenttype", "fields": {"model": "link", "name": "link", "app_label": "item"}}, {"pk": 4, "model": "contenttypes.contenttype", "fields": {"model": "logentry", "name": "log entry", "app_label": "admin"}}, {"pk": 30, "model": "contenttypes.contenttype", "fields": {"model": "migrationhistory", "name": "migration history", "app_label": "south"}}, {"pk": 26, "model": "contenttypes.contenttype", "fields": {"model": "movie", "name": "movie", "app_label": "movie"}}, {"pk": 28, "model": "contenttypes.contenttype", "fields": {"model": "nonce", "name": "nonce", "app_label": "social_auth"}}, {"pk": 13, "model": "contenttypes.contenttype", "fields": {"model": "notification", "name": "notification", "app_label": "notification"}}, {"pk": 1, "model": "contenttypes.contenttype", "fields": {"model": "permission", "name": "permission", "app_label": "auth"}}, {"pk": 12, "model": "contenttypes.contenttype", "fields": {"model": "popularity", "name": "popularity", "app_label": "item"}}, {"pk": 14, "model": "contenttypes.contenttype", "fields": {"model": "request", "name": "request", "app_label": "request"}}, {"pk": 15, "model": "contenttypes.contenttype", "fields": {"model": "review", "name": "review", "app_label": "review"}}, {"pk": 7, "model": "contenttypes.contenttype", "fields": {"model": "session", "name": "session", "app_label": "sessions"}}, {"pk": 6, "model": "contenttypes.contenttype", "fields": {"model": "site", "name": "site", "app_label": "sites"}}, {"pk": 17, "model": "contenttypes.contenttype", "fields": {"model": "thank", "name": "thank", "app_label": "review"}}, {"pk": 3, "model": "contenttypes.contenttype", "fields": {"model": "user", "name": "user", "app_label": "auth"}}, {"pk": 20, "model": "contenttypes.contenttype", "fields": {"model": "userprofile", "name": "user profile", "app_label": "user_profile"}}, {"pk": 27, "model": "contenttypes.contenttype", "fields": {"model": "usersocialauth", "name": "user social auth", "app_label": "social_auth"}}, {"pk": 21, "model": "contenttypes.contenttype", "fields": {"model": "userstatistics", "name": "user statistics", "app_label": "user_profile"}}, {"pk": 1, "model": "sites.site", "fields": {"domain": "example.com", "name": "example.com"}}, {"pk": 1, "model": "item.item", "fields": {"three_star": 0, "two_star": 2, "reviews": 2, "item_type": "movie", "four_star": 4, "five_star": 12, "bookmarks_active": 1, "bookmarks": 1, "one_star": 5}}, {"pk": 1, "model": "item.popularity", "fields": {"week": 0, "alltime": 0, "today": 0, "month": 0}}, {"pk": 3, "model": "notification.notification", "fields": {"created_at": "2012-04-18T14:32:32.204", "recipient_id": 0, "sender_id": 2, "object_id": 1, "content_type": 9}}, {"pk": 2, "model": "notification.notification", "fields": {"created_at": "2012-04-15T06:34:35.488", "recipient_id": 2, "sender_id": 3, "object_id": 1, "content_type": 15}}, {"pk": 1, "model": "notification.notification", "fields": {"created_at": "2012-04-15T06:34:27.130", "recipient_id": 2, "sender_id": 3, "object_id": 1, "content_type": 15}}, {"pk": 1, "model": "social_graph.forward", "fields": {"source_id": 2, "updated_at": "2012-04-15T06:32:57.392", "destination_id": 3}}, {"pk": 2, "model": "social_graph.forward", "fields": {"source_id": 3, "updated_at": "2012-04-15T06:32:57.392", "destination_id": 2}}, {"pk": 1, "model": "social_graph.backward", "fields": {"source_id": 3, "updated_at": "2012-04-15T06:32:57.419", "destination_id": 2}}, {"pk": 2, "model": "social_graph.backward", "fields": {"source_id": 2, "updated_at": "2012-04-15T06:32:57.419", "destination_id": 3}}, {"pk": 1, "model": "movie.genre", "fields": {"url": "drama", "name": "Drama"}}, {"pk": 2, "model": "movie.genre", "fields": {"url": "mystery-suspense", "name": "Mystery & Suspense"}}, {"pk": 3, "model": "movie.genre", "fields": {"url": "science-fiction-fantasy", "name": "Science Fiction & Fantasy"}}, {"pk": 1, "model": "movie.actor", "fields": {"url": "jennifer-lawrence", "name": "Jennifer Lawrence"}}, {"pk": 2, "model": "movie.actor", "fields": {"url": "josh-hutcherson", "name": "Josh Hutcherson"}}, {"pk": 3, "model": "movie.actor", "fields": {"url": "liam-hemsworth", "name": "Liam Hemsworth"}}, {"pk": 1, "model": "movie.director", "fields": {"url": "gary-ross", "name": "Gary Ross"}}, {"pk": 1, "model": "movie.movie", "fields": {"title": "The Hunger Games", "url": "the-hunger-games", "image": "img/movies/the-hunger-games_1.jpg", "directors": [1], "theater_date": "2012-03-23", "synopsis": "Every year in the ruins of what was once North America, the nation of Panem forces each of its twelve districts to send a teenage boy and girl to compete in the Hunger Games. Part twisted entertainment, part government intimidation tactic, the Hunger Games are a nationally televised event in which \u201cTributes\u201d must fight with one another until one survivor remains. Pitted against highly-trained Tributes who have prepared for these Games their entire lives, Katniss is forced to rely upon her sharp instincts as well as the mentorship of drunken former victor Haymitch Abernathy. If she\u2019s ever to return home to District 12, Katniss must make impossible choices in the arena that weigh survival against humanity and life against love.", "mpaa_rating": "PG-13", "dvd_date": "1901-01-01", "critic_score": 84, "genre": [1, 2, 3], "actors": [1, 2, 3], "runtime": 144}}, {"pk": "sorl-thumbnail||image||fc4f382b64336b5712afd97fb6f925e6", "model": "thumbnail.kvstore", "fields": {"value": "{\"storage\": \"django.core.files.storage.FileSystemStorage\", \"name\": \"img/users/avatars/2a.jpg\", \"size\": [180, 115]}"}}, {"pk": "sorl-thumbnail||image||a76f9d07aa7d26ba4c2ba4aebaff196e", "model": "thumbnail.kvstore", "fields": {"value": "{\"storage\": \"django.core.files.storage.FileSystemStorage\", \"name\": \"cache/37/4f/374feec103969845788484635b99919a.jpg\", \"size\": [100, 100]}"}}, {"pk": "sorl-thumbnail||thumbnails||fc4f382b64336b5712afd97fb6f925e6", "model": "thumbnail.kvstore", "fields": {"value": "[\"a76f9d07aa7d26ba4c2ba4aebaff196e\"]"}}, {"pk": "sorl-thumbnail||image||c2b409d7d65de0ba30a06d1c3e932f2b", "model": "thumbnail.kvstore", "fields": {"value": "{\"storage\": \"django.core.files.storage.FileSystemStorage\", \"name\": \"img/users/avatars/3a_1.jpg\", \"size\": [180, 240]}"}}, {"pk": "sorl-thumbnail||image||68253b5fb6d32a943f7bb69f95012234", "model": "thumbnail.kvstore", "fields": {"value": "{\"storage\": \"django.core.files.storage.FileSystemStorage\", \"name\": \"cache/6f/31/6f3130626341b81447004e23fac0495b.jpg\", \"size\": [100, 100]}"}}, {"pk": "sorl-thumbnail||thumbnails||c2b409d7d65de0ba30a06d1c3e932f2b", "model": "thumbnail.kvstore", "fields": {"value": "[\"68253b5fb6d32a943f7bb69f95012234\"]"}}, {"pk": 22, "model": "auth.permission", "fields": {"codename": "add_activity", "name": "Can add activity", "content_type": 8}}, {"pk": 23, "model": "auth.permission", "fields": {"codename": "change_activity", "name": "Can change activity", "content_type": 8}}, {"pk": 24, "model": "auth.permission", "fields": {"codename": "delete_activity", "name": "Can delete activity", "content_type": 8}}, {"pk": 10, "model": "auth.permission", "fields": {"codename": "add_logentry", "name": "Can add log entry", "content_type": 4}}, {"pk": 11, "model": "auth.permission", "fields": {"codename": "change_logentry", "name": "Can change log entry", "content_type": 4}}, {"pk": 12, "model": "auth.permission", "fields": {"codename": "delete_logentry", "name": "Can delete log entry", "content_type": 4}}, {"pk": 1, "model": "auth.permission", "fields": {"codename": "add_group", "name": "Can add group", "content_type": 2}}, {"pk": 4, "model": "auth.permission", "fields": {"codename": "change_group", "name": "Can change group", "content_type": 2}}, {"pk": 7, "model": "auth.permission", "fields": {"codename": "delete_group", "name": "Can delete group", "content_type": 2}}, {"pk": 2, "model": "auth.permission", "fields": {"codename": "add_permission", "name": "Can add permission", "content_type": 1}}, {"pk": 5, "model": "auth.permission", "fields": {"codename": "change_permission", "name": "Can change permission", "content_type": 1}}, {"pk": 8, "model": "auth.permission", "fields": {"codename": "delete_permission", "name": "Can delete permission", "content_type": 1}}, {"pk": 58, "model": "auth.permission", "fields": {"codename": "add_karmauser", "name": "Can add karma user", "content_type": 3}}, {"pk": 3, "model": "auth.permission", "fields": {"codename": "add_user", "name": "Can add user", "content_type": 3}}, {"pk": 61, "model": "auth.permission", "fields": {"codename": "change_karmauser", "name": "Can change karma user", "content_type": 3}}, {"pk": 6, "model": "auth.permission", "fields": {"codename": "change_user", "name": "Can change user", "content_type": 3}}, {"pk": 64, "model": "auth.permission", "fields": {"codename": "delete_karmauser", "name": "Can delete karma user", "content_type": 3}}, {"pk": 9, "model": "auth.permission", "fields": {"codename": "delete_user", "name": "Can delete user", "content_type": 3}}, {"pk": 25, "model": "auth.permission", "fields": {"codename": "add_bookmark", "name": "Can add bookmark", "content_type": 9}}, {"pk": 26, "model": "auth.permission", "fields": {"codename": "change_bookmark", "name": "Can change bookmark", "content_type": 9}}, {"pk": 27, "model": "auth.permission", "fields": {"codename": "delete_bookmark", "name": "Can delete bookmark", "content_type": 9}}, {"pk": 13, "model": "auth.permission", "fields": {"codename": "add_contenttype", "name": "Can add content type", "content_type": 5}}, {"pk": 14, "model": "auth.permission", "fields": {"codename": "change_contenttype", "name": "Can change content type", "content_type": 5}}, {"pk": 15, "model": "auth.permission", "fields": {"codename": "delete_contenttype", "name": "Can delete content type", "content_type": 5}}, {"pk": 28, "model": "auth.permission", "fields": {"codename": "add_item", "name": "Can add item", "content_type": 10}}, {"pk": 31, "model": "auth.permission", "fields": {"codename": "change_item", "name": "Can change item", "content_type": 10}}, {"pk": 34, "model": "auth.permission", "fields": {"codename": "delete_item", "name": "Can delete item", "content_type": 10}}, {"pk": 29, "model": "auth.permission", "fields": {"codename": "add_link", "name": "Can add link", "content_type": 11}}, {"pk": 32, "model": "auth.permission", "fields": {"codename": "change_link", "name": "Can change link", "content_type": 11}}, {"pk": 35, "model": "auth.permission", "fields": {"codename": "delete_link", "name": "Can delete link", "content_type": 11}}, {"pk": 30, "model": "auth.permission", "fields": {"codename": "add_popularity", "name": "Can add popularity", "content_type": 12}}, {"pk": 33, "model": "auth.permission", "fields": {"codename": "change_popularity", "name": "Can change popularity", "content_type": 12}}, {"pk": 36, "model": "auth.permission", "fields": {"codename": "delete_popularity", "name": "Can delete popularity", "content_type": 12}}, {"pk": 67, "model": "auth.permission", "fields": {"codename": "add_actor", "name": "Can add actor", "content_type": 24}}, {"pk": 71, "model": "auth.permission", "fields": {"codename": "change_actor", "name": "Can change actor", "content_type": 24}}, {"pk": 75, "model": "auth.permission", "fields": {"codename": "delete_actor", "name": "Can delete actor", "content_type": 24}}, {"pk": 68, "model": "auth.permission", "fields": {"codename": "add_director", "name": "Can add director", "content_type": 25}}, {"pk": 72, "model": "auth.permission", "fields": {"codename": "change_director", "name": "Can change director", "content_type": 25}}, {"pk": 76, "model": "auth.permission", "fields": {"codename": "delete_director", "name": "Can delete director", "content_type": 25}}, {"pk": 69, "model": "auth.permission", "fields": {"codename": "add_genre", "name": "Can add genre", "content_type": 23}}, {"pk": 73, "model": "auth.permission", "fields": {"codename": "change_genre", "name": "Can change genre", "content_type": 23}}, {"pk": 77, "model": "auth.permission", "fields": {"codename": "delete_genre", "name": "Can delete genre", "content_type": 23}}, {"pk": 70, "model": "auth.permission", "fields": {"codename": "add_movie", "name": "Can add movie", "content_type": 26}}, {"pk": 74, "model": "auth.permission", "fields": {"codename": "change_movie", "name": "Can change movie", "content_type": 26}}, {"pk": 78, "model": "auth.permission", "fields": {"codename": "delete_movie", "name": "Can delete movie", "content_type": 26}}, {"pk": 37, "model": "auth.permission", "fields": {"codename": "add_notification", "name": "Can add notification", "content_type": 13}}, {"pk": 38, "model": "auth.permission", "fields": {"codename": "change_notification", "name": "Can change notification", "content_type": 13}}, {"pk": 39, "model": "auth.permission", "fields": {"codename": "delete_notification", "name": "Can delete notification", "content_type": 13}}, {"pk": 40, "model": "auth.permission", "fields": {"codename": "add_request", "name": "Can add request", "content_type": 14}}, {"pk": 41, "model": "auth.permission", "fields": {"codename": "change_request", "name": "Can change request", "content_type": 14}}, {"pk": 42, "model": "auth.permission", "fields": {"codename": "delete_request", "name": "Can delete request", "content_type": 14}}, {"pk": 43, "model": "auth.permission", "fields": {"codename": "add_agree", "name": "Can add agree", "content_type": 16}}, {"pk": 46, "model": "auth.permission", "fields": {"codename": "change_agree", "name": "Can change agree", "content_type": 16}}, {"pk": 49, "model": "auth.permission", "fields": {"codename": "delete_agree", "name": "Can delete agree", "content_type": 16}}, {"pk": 44, "model": "auth.permission", "fields": {"codename": "add_review", "name": "Can add review", "content_type": 15}}, {"pk": 47, "model": "auth.permission", "fields": {"codename": "change_review", "name": "Can change review", "content_type": 15}}, {"pk": 50, "model": "auth.permission", "fields": {"codename": "delete_review", "name": "Can delete review", "content_type": 15}}, {"pk": 45, "model": "auth.permission", "fields": {"codename": "add_thank", "name": "Can add thank", "content_type": 17}}, {"pk": 48, "model": "auth.permission", "fields": {"codename": "change_thank", "name": "Can change thank", "content_type": 17}}, {"pk": 51, "model": "auth.permission", "fields": {"codename": "delete_thank", "name": "Can delete thank", "content_type": 17}}, {"pk": 19, "model": "auth.permission", "fields": {"codename": "add_session", "name": "Can add session", "content_type": 7}}, {"pk": 20, "model": "auth.permission", "fields": {"codename": "change_session", "name": "Can change session", "content_type": 7}}, {"pk": 21, "model": "auth.permission", "fields": {"codename": "delete_session", "name": "Can delete session", "content_type": 7}}, {"pk": 16, "model": "auth.permission", "fields": {"codename": "add_site", "name": "Can add site", "content_type": 6}}, {"pk": 17, "model": "auth.permission", "fields": {"codename": "change_site", "name": "Can change site", "content_type": 6}}, {"pk": 18, "model": "auth.permission", "fields": {"codename": "delete_site", "name": "Can delete site", "content_type": 6}}, {"pk": 79, "model": "auth.permission", "fields": {"codename": "add_association", "name": "Can add association", "content_type": 29}}, {"pk": 82, "model": "auth.permission", "fields": {"codename": "change_association", "name": "Can change association", "content_type": 29}}, {"pk": 85, "model": "auth.permission", "fields": {"codename": "delete_association", "name": "Can delete association", "content_type": 29}}, {"pk": 80, "model": "auth.permission", "fields": {"codename": "add_nonce", "name": "Can add nonce", "content_type": 28}}, {"pk": 83, "model": "auth.permission", "fields": {"codename": "change_nonce", "name": "Can change nonce", "content_type": 28}}, {"pk": 86, "model": "auth.permission", "fields": {"codename": "delete_nonce", "name": "Can delete nonce", "content_type": 28}}, {"pk": 81, "model": "auth.permission", "fields": {"codename": "add_usersocialauth", "name": "Can add user social auth", "content_type": 27}}, {"pk": 84, "model": "auth.permission", "fields": {"codename": "change_usersocialauth", "name": "Can change user social auth", "content_type": 27}}, {"pk": 87, "model": "auth.permission", "fields": {"codename": "delete_usersocialauth", "name": "Can delete user social auth", "content_type": 27}}, {"pk": 52, "model": "auth.permission", "fields": {"codename": "add_backward", "name": "Can add backward", "content_type": 19}}, {"pk": 54, "model": "auth.permission", "fields": {"codename": "change_backward", "name": "Can change backward", "content_type": 19}}, {"pk": 56, "model": "auth.permission", "fields": {"codename": "delete_backward", "name": "Can delete backward", "content_type": 19}}, {"pk": 53, "model": "auth.permission", "fields": {"codename": "add_forward", "name": "Can add forward", "content_type": 18}}, {"pk": 55, "model": "auth.permission", "fields": {"codename": "change_forward", "name": "Can change forward", "content_type": 18}}, {"pk": 57, "model": "auth.permission", "fields": {"codename": "delete_forward", "name": "Can delete forward", "content_type": 18}}, {"pk": 88, "model": "auth.permission", "fields": {"codename": "add_migrationhistory", "name": "Can add migration history", "content_type": 30}}, {"pk": 89, "model": "auth.permission", "fields": {"codename": "change_migrationhistory", "name": "Can change migration history", "content_type": 30}}, {"pk": 90, "model": "auth.permission", "fields": {"codename": "delete_migrationhistory", "name": "Can delete migration history", "content_type": 30}}, {"pk": 91, "model": "auth.permission", "fields": {"codename": "add_kvstore", "name": "Can add kv store", "content_type": 31}}, {"pk": 92, "model": "auth.permission", "fields": {"codename": "change_kvstore", "name": "Can change kv store", "content_type": 31}}, {"pk": 93, "model": "auth.permission", "fields": {"codename": "delete_kvstore", "name": "Can delete kv store", "content_type": 31}}, {"pk": 59, "model": "auth.permission", "fields": {"codename": "add_userprofile", "name": "Can add user profile", "content_type": 20}}, {"pk": 62, "model": "auth.permission", "fields": {"codename": "change_userprofile", "name": "Can change user profile", "content_type": 20}}, {"pk": 65, "model": "auth.permission", "fields": {"codename": "delete_userprofile", "name": "Can delete user profile", "content_type": 20}}, {"pk": 60, "model": "auth.permission", "fields": {"codename": "add_userstatistics", "name": "Can add user statistics", "content_type": 21}}, {"pk": 63, "model": "auth.permission", "fields": {"codename": "change_userstatistics", "name": "Can change user statistics", "content_type": 21}}, {"pk": 66, "model": "auth.permission", "fields": {"codename": "delete_userstatistics", "name": "Can delete user statistics", "content_type": 21}}, {"pk": 1, "model": "auth.user", "fields": {"username": "dennis", "first_name": "Dennis", "last_name": "Ai", "is_active": true, "is_superuser": true, "is_staff": true, "last_login": "2012-04-18T19:16:26.756", "groups": [], "user_permissions": [], "password": "pbkdf2_sha256$10000$MvrGW3ogYIGQ$+TrEvEggDagtlKQOD+oGppwMWMujq/b10OrreCWzulY=", "email": "dennis.q.ai@gmail.com", "date_joined": "2012-04-14T20:58:15"}}, {"pk": 2, "model": "auth.user", "fields": {"username": "681c5778674b4f639a42e44d931a32", "first_name": "Dennis", "last_name": "Ai", "is_active": true, "is_superuser": false, "is_staff": false, "last_login": "2012-04-18T23:00:04.073", "groups": [], "user_permissions": [], "password": "!", "email": "dennis.q.ai@gmail.com", "date_joined": "2012-04-14T22:27:20.291"}}, {"pk": 3, "model": "auth.user", "fields": {"username": "29b33ea1092a44eaad0b13671a468e", "first_name": "Victor", "last_name": "Quan", "is_active": true, "is_superuser": false, "is_staff": false, "last_login": "2012-04-18T21:48:09.180", "groups": [], "user_permissions": [], "password": "!", "email": "victorlquan@gmail.com", "date_joined": "2012-04-15T06:32:55.987"}}, {"pk": 23, "model": "admin.logentry", "fields": {"action_flag": 2, "action_time": "2012-04-18T19:16:57.563", "object_repr": "1", "object_id": "1", "change_message": "Changed three_star.", "user": 1, "content_type": 10}}, {"pk": 22, "model": "admin.logentry", "fields": {"action_flag": 2, "action_time": "2012-04-18T19:16:50.923", "object_repr": "1", "object_id": "1", "change_message": "Changed three_star.", "user": 1, "content_type": 10}}, {"pk": 21, "model": "admin.logentry", "fields": {"action_flag": 1, "action_time": "2012-04-18T14:32:32.266", "object_repr": "Dennis Ai bookmarking Item #1", "object_id": "1", "change_message": "", "user": 1, "content_type": 9}}, {"pk": 20, "model": "admin.logentry", "fields": {"action_flag": 2, "action_time": "2012-04-18T06:11:39.699", "object_repr": "1", "object_id": "1", "change_message": "Changed five_star, four_star, three_star, two_star and one_star.", "user": 1, "content_type": 10}}, {"pk": 19, "model": "admin.logentry", "fields": {"action_flag": 3, "action_time": "2012-04-17T15:41:19.180", "object_repr": "Dennis Ai reviewing Item #1", "object_id": "3", "change_message": "", "user": 1, "content_type": 15}}, {"pk": 18, "model": "admin.logentry", "fields": {"action_flag": 2, "action_time": "2012-04-17T15:35:04.659", "object_repr": "dennis", "object_id": "1", "change_message": "Changed password, first_name and last_name.", "user": 1, "content_type": 3}}, {"pk": 17, "model": "admin.logentry", "fields": {"action_flag": 1, "action_time": "2012-04-17T15:34:46.548", "object_repr": " reviewing Item #1", "object_id": "3", "change_message": "", "user": 1, "content_type": 15}}, {"pk": 16, "model": "admin.logentry", "fields": {"action_flag": 1, "action_time": "2012-04-17T15:21:59.222", "object_repr": "Victor Quan reviewing Item #1", "object_id": "2", "change_message": "", "user": 1, "content_type": 15}}, {"pk": 15, "model": "admin.logentry", "fields": {"action_flag": 2, "action_time": "2012-04-15T06:38:06.787", "object_repr": "1", "object_id": "1", "change_message": "Changed item_type.", "user": 1, "content_type": 10}}, {"pk": 14, "model": "admin.logentry", "fields": {"action_flag": 1, "action_time": "2012-04-15T06:34:35.530", "object_repr": "Victor Quan thanking Review #:1", "object_id": "1", "change_message": "", "user": 1, "content_type": 17}}, {"pk": 13, "model": "admin.logentry", "fields": {"action_flag": 1, "action_time": "2012-04-15T06:34:27.208", "object_repr": "Victor Quan agreeing with Review #:1", "object_id": "1", "change_message": "", "user": 1, "content_type": 16}}, {"pk": 12, "model": "admin.logentry", "fields": {"action_flag": 1, "action_time": "2012-04-15T06:34:15.092", "object_repr": "Dennis Ai reviewing Item #1", "object_id": "1", "change_message": "", "user": 1, "content_type": 15}}, {"pk": 11, "model": "admin.logentry", "fields": {"action_flag": 3, "action_time": "2012-04-14T22:27:12.002", "object_repr": "05f4b0a7f5024c36bdea21c6f62687", "object_id": "2", "change_message": "", "user": 1, "content_type": 3}}, {"pk": 10, "model": "admin.logentry", "fields": {"action_flag": 3, "action_time": "2012-04-14T22:25:46.385", "object_repr": "817127f1242c4ecdb8b81b77a19790", "object_id": "2", "change_message": "", "user": 1, "content_type": 3}}, {"pk": 9, "model": "admin.logentry", "fields": {"action_flag": 1, "action_time": "2012-04-14T22:23:22.070", "object_repr": "The Hunger Games", "object_id": "1", "change_message": "", "user": 1, "content_type": 26}}, {"pk": 8, "model": "admin.logentry", "fields": {"action_flag": 1, "action_time": "2012-04-14T22:23:16.786", "object_repr": "Liam Hemsworth", "object_id": "3", "change_message": "", "user": 1, "content_type": 24}}, {"pk": 7, "model": "admin.logentry", "fields": {"action_flag": 1, "action_time": "2012-04-14T22:23:03.672", "object_repr": "Josh Hutcherson", "object_id": "2", "change_message": "", "user": 1, "content_type": 24}}, {"pk": 6, "model": "admin.logentry", "fields": {"action_flag": 1, "action_time": "2012-04-14T22:22:56.093", "object_repr": "Jennifer Lawrence", "object_id": "1", "change_message": "", "user": 1, "content_type": 24}}, {"pk": 5, "model": "admin.logentry", "fields": {"action_flag": 1, "action_time": "2012-04-14T22:22:45.262", "object_repr": "Gary Ross", "object_id": "1", "change_message": "", "user": 1, "content_type": 25}}, {"pk": 4, "model": "admin.logentry", "fields": {"action_flag": 1, "action_time": "2012-04-14T22:20:50.108", "object_repr": "Science Fiction & Fantasy", "object_id": "3", "change_message": "", "user": 1, "content_type": 23}}, {"pk": 3, "model": "admin.logentry", "fields": {"action_flag": 1, "action_time": "2012-04-14T22:20:42.312", "object_repr": "Mystery & Suspense", "object_id": "2", "change_message": "", "user": 1, "content_type": 23}}, {"pk": 2, "model": "admin.logentry", "fields": {"action_flag": 1, "action_time": "2012-04-14T22:20:31.695", "object_repr": "Drama", "object_id": "1", "change_message": "", "user": 1, "content_type": 23}}, {"pk": 1, "model": "admin.logentry", "fields": {"action_flag": 1, "action_time": "2012-04-14T22:19:40.468", "object_repr": "1", "object_id": "1", "change_message": "", "user": 1, "content_type": 10}}, {"pk": 3, "model": "activity_feed.activity", "fields": {"created_at": "2012-04-17T15:21:59.136", "verb": "raved about", "sender": 3, "content_type": 15, "object_id": 2}}, {"pk": 2, "model": "activity_feed.activity", "fields": {"created_at": "2012-04-15T06:34:27.121", "verb": "re-raved", "sender": 3, "content_type": 15, "object_id": 1}}, {"pk": 1, "model": "activity_feed.activity", "fields": {"created_at": "2012-04-15T06:34:15.058", "verb": "raved about", "sender": 2, "content_type": 15, "object_id": 1}}, {"pk": 1, "model": "bookmark.bookmark", "fields": {"created_at": "2012-04-18T14:32:32.188", "is_done": false, "updated_at": "2012-04-18T14:32:32.188", "item": 1, "user": 2, "is_public": true}}, {"pk": 1, "model": "review.review", "fields": {"rating": 3, "text": "So to give you full disclosure, I read all the books before and had really high expectations coming into the movie. Honestly, I was a little disappointed, especially because I felt there was a lack of buildup and drama, and everything was watered down to make it PG-13. It's kind of ridiculous. That being said, I feel like if I hadn't read the books, I wouldn't have understood the movie. There are so many holes that were filled in by the books, which was okay since I read them. Anyway, it's worth watching. Just don't expect too much.\r\n", "created_at": "2012-04-15T06:34:15.050", "updated_at": "2012-04-15T06:34:35.520", "item": 1, "user": 2, "agrees": 1, "thanks": 1}}, {"pk": 2, "model": "review.review", "fields": {"rating": 5, "text": "I loved this movie.  It was just amazing.  This might just be the best movie of 2012.", "created_at": "2012-04-17T15:21:59.112", "updated_at": "2012-04-17T15:21:59.112", "item": 1, "user": 3, "agrees": 0, "thanks": 0}}, {"pk": 1, "model": "review.agree", "fields": {"review": 1, "created_at": "2012-04-15T06:34:27.113", "giver": 3}}, {"pk": 1, "model": "review.thank", "fields": {"review": 1, "created_at": "2012-04-15T06:34:35.479", "giver": 3}}, {"pk": 2, "model": "user_profile.userprofile", "fields": {"gender": "", "avatar": "img/users/avatars/2a.jpg", "thumbnail": "img/users/thumbnails/2t.jpg"}}, {"pk": 3, "model": "user_profile.userprofile", "fields": {"gender": "", "avatar": "img/users/avatars/3a_1.jpg", "thumbnail": "img/users/thumbnails/3t_1.jpg"}}, {"pk": 2, "model": "user_profile.userstatistics", "fields": {"agrees_out": 0, "agrees_in": 1, "reviews": 1, "karma": 9, "thanks_in": 1, "thanks_out": 0, "bookmarks": 1, "bookmarks_active": 1}}, {"pk": 3, "model": "user_profile.userstatistics", "fields": {"agrees_out": 1, "agrees_in": 0, "reviews": 1, "karma": 7, "thanks_in": 0, "thanks_out": 1, "bookmarks": 0, "bookmarks_active": 0}}, {"pk": 1, "model": "social_auth.usersocialauth", "fields": {"uid": "510810667", "extra_data": "{\"access_token\": \"AAAEiWjX7bxcBACRrzu8WUFzzMkImVZCBwUMwve0Af48M1IvgXTMxBwWM9gBqZBBjSi8BgLNDPYALapU10OeKQJi6meuUWYoOYUMJq7UwZDZD\", \"expires\": \"7192\", \"id\": \"510810667\"}", "user": 2, "provider": "facebook"}}, {"pk": 2, "model": "social_auth.usersocialauth", "fields": {"uid": "1726074857", "extra_data": "{\"access_token\": \"AAAEiWjX7bxcBABTMVdsCS4EGsZBa7bPArgZBhyUwq6d4taH2R0dwOvMrwruPIqaGKd0ONF4K2ligKYGiZAjvav9UyhVeYnvBxPFimyJaP4SXZBZAOVZBNj\", \"expires\": \"4307\", \"id\": \"1726074857\"}", "user": 3, "provider": "facebook"}}]